method,scenario,weeks,change_rate_vs_original,accuracy_vs_actual
rank,judge_lowest,230,0.20869565217391303,0.5826086956521739
rank,judge_fan_safe,230,0.23478260869565218,0.6304347826086957
rank,judge_fan_drama,230,0.6782608695652174,0.2826086956521739
pct,judge_lowest,230,0.07391304347826087,0.6608695652173913
pct,judge_fan_safe,230,0.23043478260869565,0.691304347826087
pct,judge_fan_drama,230,0.6956521739130435,0.2565217391304348
