group,weeks,tau_mean,tau_median,tau_std,tau_min,tau_max,tau_q25,tau_q75,tau_mean_abs,pos_rate,neg_rate
overall,293,0.4269270263297567,0.4642857142857142,0.2355268438019252,-0.1666666666666666,0.9166666666666666,0.2909090909090909,0.6000000000000001,0.4298470111610044,0.8805460750853242,0.017064846416382253
rank,76,0.30220641931168246,0.3333333333333333,0.21731497903255192,-0.1666666666666666,0.7333333333333334,0.1389610389610389,0.46626984126984117,0.31252387962914274,0.8026315789473685,0.05263157894736842
percentage,217,0.4706079762531375,0.5,0.2258436125760091,-0.0357142857142857,0.9166666666666666,0.358974358974359,0.6428571428571428,0.4709371401767715,0.9078341013824884,0.004608294930875576
