group,weeks,tau_mean,tau_median,tau_std,tau_min,tau_max,tau_q25,tau_q75,tau_mean_abs,pos_rate,neg_rate
overall,293,0.4269270263297567,0.46428571428571425,0.2355268438019252,-0.16666666666666666,0.9166666666666666,0.2909090909090909,0.6000000000000001,0.4298470111610044,0.8805460750853242,0.017064846416382253
rank,76,0.30220641931168246,0.33333333333333337,0.21731497903255195,-0.16666666666666666,0.7333333333333334,0.13896103896103895,0.4662698412698412,0.3125238796291428,0.8026315789473685,0.05263157894736842
percentage,217,0.4706079762531375,0.5,0.2258436125760091,-0.03571428571428571,0.9166666666666666,0.358974358974359,0.6428571428571428,0.4709371401767715,0.9078341013824884,0.004608294930875576
